lon,lat,segment
-117,42,4
-115,40.16666667,4
-124.6317833,48.38105,4
-124.7317833,48.38105,4
-124.7367833,48.39155,4
-124.7272453,48.49344527,1
-124.7272453,48.49344527,1
-124.7516608,48.49720504,1
-124.7760752,48.5009609,1
-124.788304,48.50284,1
-124.8132691,48.50430439,1
-124.8382357,48.50576337,1
-124.840527,48.505897,1
-124.8655658,48.50516342,1
-124.8906039,48.50442441,1
-124.9156413,48.50367995,1
-124.915807,48.503675,1
-124.940751,48.50206188,1
-124.9656934,48.50044335,1
-124.988586,48.498953,1
-125.003031,48.495342,1
-125.0150551,48.49199737,1
-125.0150551,48.49199737,1
-125.0261451,48.48891241,1
-125.0492533,48.48247818,1
-125.0723557,48.4760393,1
-125.0954522,48.46959579,1
-125.097755,48.468953,1
-125.1195936,48.46080164,1
-125.1414253,48.45264611,1
-125.141645,48.452564,1
-125.154701,48.446175,1
-125.1750398,48.43646654,1
-125.1953709,48.42675447,1
-125.2156943,48.41703878,1
-125.2360099,48.40731949,1
-125.2563177,48.39759661,1
-125.2766178,48.38787012,1
-125.2969102,48.37814004,1
-125.3171948,48.36840636,1
-125.3374718,48.35866909,1
-125.3440688,48.35549891,1
-125.3440688,48.35549891,1
-125.3577409,48.34892823,1
-125.3780024,48.33918379,1
-125.381371,48.337563,1
-125.4045893,48.33142049,1
-125.4278021,48.32527329,1
-125.4510093,48.31912141,1
-125.4742109,48.31296483,1
-125.4974069,48.30680358,1
-125.500818,48.305897,1
-125.5235438,48.29900472,1
-125.5462635,48.29210794,1
-125.568977,48.28520666,1
-125.5916845,48.2783009,1
-125.6143858,48.27139064,1
-125.637081,48.2644759,1
-125.65977,48.25755667,1
-125.682453,48.25063294,1
-125.7051298,48.24370475,1
-125.7278005,48.23677207,1
-125.750465,48.22983492,1
-125.7731235,48.22289329,1
-125.7957758,48.21594719,1
-125.818422,48.20899661,1
-125.841062,48.20204157,1
-125.8636959,48.19508207,1
-125.8863237,48.1881181,1
-125.898049,48.184507,1
-125.9186173,48.1751164,1
-125.9391781,48.16572211,1
-125.9597313,48.15632412,1
-125.9802771,48.14692245,1
-126.0008154,48.13751708,1
-126.0213461,48.12810804,1
-126.0418694,48.11869531,1
-126.0623852,48.10927891,1
-126.0828934,48.09985883,1
-126.1033942,48.09043507,1
-126.1238875,48.08100764,1
-126.1443733,48.07157655,1
-126.1648516,48.06214178,1
-126.1853224,48.05270335,1
-126.2057857,48.04326126,1
-126.2262416,48.03381551,1
-126.24669,48.02436611,1
-126.2671309,48.01491305,1
-126.2875643,48.00545634,1
-126.3079903,47.99599598,1
-126.3284088,47.98653198,1
-126.3488198,47.97706433,1
-126.3692234,47.96759304,1
-126.3896195,47.95811811,1
-126.4100081,47.94863955,1
-126.4303893,47.93915735,1
-126.4507631,47.92967152,1
-126.4711293,47.92018206,1
-126.4914882,47.91068898,1
-126.5118396,47.90119227,1
-126.5321835,47.89169194,1
-126.55252,47.88218799,1
-126.5728491,47.87268042,1
-126.5931707,47.86316924,1
-126.6134849,47.85365445,1
-126.6337917,47.84413606,1
-126.654091,47.83461405,1
-126.6743829,47.82508845,1
-126.683903,47.820617,1
-126.7051903,47.8121397,1
-126.7264707,47.80365844,1
-126.7477441,47.79517322,1
-126.7690106,47.78668405,1
-126.7902702,47.77819094,1
-126.8115229,47.76969387,1
-126.8327686,47.76119285,1
-126.8540074,47.75268789,1
-126.8752393,47.74417899,1
-126.8964643,47.73566615,1
-126.9176824,47.72714937,1
-126.9388935,47.71862865,1
-126.9600977,47.71010401,1
-126.981295,47.70157544,1
-127.0024854,47.69304294,1
-127.0236689,47.68450651,1
-127.0448455,47.67596616,1
-127.0660151,47.66742189,1
-127.0871779,47.65887372,1
-127.1083337,47.65032162,1
-127.1294826,47.6417656,1
-127.1506247,47.63320568,1
-127.1717598,47.62464185,1
-127.192888,47.61607412,1
-127.200864,47.612838,1
-127.2206946,47.60295788,1
-127.2405177,47.59307432,1
-127.2603333,47.58318731,1
-127.2801415,47.57329686,1
-127.2999422,47.56340299,1
-127.3197354,47.55350567,1
-127.3395212,47.54360492,1
-127.3592996,47.53370074,1
-127.3790705,47.52379314,1
-127.3988339,47.51388211,1
-127.41859,47.50396767,1
-127.4383385,47.4940498,1
-127.4580797,47.48412851,1
-127.4778134,47.47420381,1
-127.4975396,47.4642757,1
-127.5172585,47.45434417,1
-127.5369699,47.44440924,1
-127.5566739,47.43447091,1
-127.5763705,47.42452918,1
-127.5960597,47.41458404,1
-127.6157414,47.4046355,1
-127.6354157,47.39468358,1
-127.6550827,47.38472825,1
-127.6747422,47.37476954,1
-127.691157,47.366449,1
-127.71016,47.35592426,1
-127.7291554,47.34539635,1
-127.7481433,47.33486527,1
-127.7671236,47.32433103,1
-127.7860964,47.31379362,1
-127.8050617,47.30325306,1
-127.8240194,47.29270934,1
-127.8429695,47.28216246,1
-127.8619122,47.27161244,1
-127.8808473,47.26105926,1
-127.8997749,47.25050294,1
-127.9186949,47.23994347,1
-127.9376075,47.22938086,1
-127.9565125,47.21881511,1
-127.97541,47.20824623,1
-127.9943,47.1976742,1
-128.0131826,47.18709905,1
-128.0320576,47.17652077,1
-128.0509251,47.16593935,1
-128.0697851,47.15535482,1
-128.0886376,47.14476715,1
-128.1074827,47.13417637,1
-128.1263202,47.12358247,1
-128.1451503,47.11298545,1
-128.1639729,47.10238532,1
-128.1827881,47.09178207,1
-128.2015957,47.08117572,1
-128.2203959,47.07056626,1
-128.2391887,47.0599537,1
-128.2579739,47.04933803,1
-128.2767518,47.03871926,1
-128.2955222,47.0280974,1
-128.3142851,47.01747244,1
-128.3330406,47.00684439,1
-128.3517886,46.99621324,1
-128.3705292,46.98557901,1
-128.3892624,46.9749417,1
-128.4079882,46.9643013,1
-128.4267065,46.95365782,1
-128.4454174,46.94301126,1
-128.4641209,46.93236163,1
-128.482817,46.92170892,1
-128.5015056,46.91105313,1
-128.5201869,46.90039428,1
-128.5388607,46.88973237,1
-128.5575272,46.87906738,1
-128.5761862,46.86839934,1
-128.5948379,46.85772823,1
-128.6134822,46.84705407,1
-128.632119,46.83637685,1
-128.6507485,46.82569658,1
-128.6693707,46.81501325,1
-128.6879854,46.80432689,1
-128.7065928,46.79363747,1
-128.7251928,46.782945,1
-128.7437854,46.77224951,1
-128.7623707,46.76155096,1
-128.7809486,46.75084938,1
-128.7995192,46.74014477,1
-128.8180824,46.72943712,1
-128.8366383,46.71872645,1
-128.8551868,46.70801274,1
-128.867027,46.70117,1
-128.8845984,46.68970768,1
-128.9021624,46.67824263,1
-128.9197189,46.66677487,1
-128.937268,46.65530438,1
-128.9548097,46.64383119,1
-128.972344,46.63235528,1
-128.9898709,46.62087667,1
-129.0073903,46.60939534,1
-129.0249024,46.59791132,1
-129.042407,46.58642459,1
-129.0599043,46.57493516,1
-129.0773942,46.56344303,1
-129.0948766,46.55194821,1
-129.1123517,46.54045069,1
-129.1287354,46.52966436,1
-129.1287354,46.52966436,2
-129.1240733,46.52350325,2
-129.1128036,46.5087815,2
-129.1014336,46.49409761,2
-129.0899638,46.47945191,2
-129.0783945,46.46484473,2
-129.0667261,46.45027641,2
-129.0549588,46.43574728,2
-129.043093,46.42125768,2
-129.0311291,46.40680792,2
-129.0249723,46.39943301,2
-129.0192978,46.39235922,2
-129.0153903,46.38751022,2
-129.0146519,46.38612718,2
-129.0146519,46.38612718,2
-129.0112054,46.37969523,2
-129.0027635,46.36410268,2
-128.9942141,46.34853883,2
-128.9855574,46.33300402,2
-128.9767939,46.31749862,2
-128.9679238,46.30202299,2
-128.9589473,46.2865775,2
-128.9498648,46.27116249,2
-128.9406766,46.25577835,2
-128.9313829,46.2404254,2
-128.9219841,46.22510402,2
-128.9124805,46.20981457,2
-128.9028724,46.19455738,2
-128.8931601,46.17933283,2
-128.8881672,46.17158168,2
-128.8881352,46.1711976,2
-128.8866894,46.15457581,2
-128.8851251,46.13795919,2
-128.8834424,46.12134811,2
-128.8816416,46.10474302,2
-128.8797228,46.0881443,2
-128.8776862,46.07155237,2
-128.8755318,46.05496763,2
-128.8732598,46.03839049,2
-128.8708705,46.02182136,2
-128.8683639,46.00526064,2
-128.8657403,45.98870874,2
-128.8629998,45.97216606,2
-128.8601425,45.955633,2
-128.8591695,45.95015373,2
-128.8571596,45.93905908,2
-128.8540695,45.92254648,2
-128.8508631,45.90604472,2
-128.8475407,45.88955419,2
-128.8441025,45.87307529,2
-128.8405486,45.85660842,2
-128.8368793,45.840154,2
-128.8330947,45.82371241,2
-128.8291951,45.80728404,2
-128.8251805,45.79086931,2
-128.8210513,45.77446861,2
-128.8168075,45.75808232,2
-128.8124496,45.74171086,2
-128.8079775,45.72535461,2
-128.8033915,45.70901396,2
-128.7986919,45.69268932,2
-128.7938789,45.67638107,2
-128.7889526,45.6600896,2
-128.7839132,45.64381531,2
-128.7787611,45.6275586,2
-128.7734964,45.61131983,2
-128.7681194,45.59509941,2
-128.7626302,45.57889773,2
-128.7570291,45.56271517,2
-128.7513163,45.54655212,2
-128.745492,45.53040896,2
-128.7397701,45.51486049,2
-128.7383733,45.50867277,2
-128.7386508,45.49904632,2
-128.7390374,45.48239446,2
-128.7393057,45.4657414,2
-128.7394557,45.44908755,2
-128.7394875,45.43243335,2
-128.7394013,45.41577918,2
-128.7391971,45.39912548,2
-128.7388751,45.38247265,2
-128.7384353,45.36582111,2
-128.737878,45.34917128,2
-128.7372032,45.33252355,2
-128.7364109,45.31587836,2
-128.7355015,45.29923612,2
-128.7344749,45.28259722,2
-128.7333313,45.26596209,2
-128.7325603,45.25560897,2
-128.7346671,45.24036139,2
-128.7368437,45.22377772,2
-128.7389019,45.20718649,2
-128.7408418,45.19058812,2
-128.7426634,45.17398304,2
-128.7436342,45.16465864,2
-128.7438753,45.16239745,2
-128.7455789,45.14578606,2
-128.7471643,45.12916879,2
-128.7486316,45.11254606,2
-128.749981,45.09591828,2
-128.7512123,45.07928588,2
-128.7523259,45.06264927,2
-128.7533216,45.04600888,2
-128.7533662,45.04521327,2
-128.7545362,45.02938933,2
-128.7556511,45.01275266,2
-128.7566483,44.99611218,2
-128.7575279,44.97946833,2
-128.75829,44.96282151,2
-128.7589345,44.94617215,2
-128.7594618,44.92952066,2
-128.7598717,44.91286746,2
-128.7601644,44.89621297,2
-128.7603401,44.87955759,2
-128.7603987,44.86290175,2
-128.7603405,44.84624586,2
-128.7601654,44.82959033,2
-128.7598737,44.81293559,2
-128.7594653,44.79628203,2
-128.7589405,44.77963008,2
-128.7582993,44.76298016,2
-128.7575419,44.74633267,2
-128.7566684,44.72968803,2
-128.7556789,44.71304664,2
-128.7545734,44.69640893,2
-128.7533817,44.68015912,2
-128.7538605,44.66515642,2
-128.7542809,44.64850261,2
-128.7545847,44.63184745,2
-128.7547719,44.61519137,2
-128.7548426,44.59853478,2
-128.754797,44.58187809,2
-128.7546351,44.56522173,2
-128.754357,44.5485661,2
-128.7542683,44.54435825,2
-128.754419,44.5420319,2
-128.75543,44.52539072,2
-128.7563244,44.50874609,2
-128.7571022,44.49209842,2
-128.7577635,44.47544812,2
-128.7583083,44.45879561,2
-128.7587368,44.44214131,2
-128.7589431,44.43186954,2
-128.7591651,44.42269733,2
-128.7592194,44.42020046,2
-128.7603394,44.41769803,2
-128.7673717,44.40182182,2
-128.7742896,44.38592019,2
-128.781093,44.36999355,2
-128.7877818,44.3540423,2
-128.794356,44.33806688,2
-128.8008155,44.32206769,2
-128.8071601,44.30604516,2
-128.8133899,44.2899997,2
-128.8195047,44.27393174,2
-128.8255045,44.25784168,2
-128.8313893,44.24172995,2
-128.8371589,44.22559697,2
-128.8428133,44.20944315,2
-128.8483525,44.19326892,2
-128.8537764,44.1770747,2
-128.859085,44.16086089,2
-128.8642782,44.14462794,2
-128.869356,44.12837625,2
-128.8743183,44.11210624,2
-128.8791652,44.09581834,2
-128.8838966,44.07951296,2
-128.8885124,44.06319052,2
-128.8930127,44.04685146,2
-128.8973974,44.03049618,2
-128.9016666,44.01412511,2
-128.9058201,43.99773865,2
-128.909858,43.98133725,2
-128.9137803,43.96492132,2
-128.9175869,43.94849128,2
-128.921278,43.93204755,2
-128.9241152,43.91903318,2
-128.9244199,43.91838241,2
-128.9317489,43.90258879,2
-128.9389649,43.88676841,2
-128.9460679,43.87092168,2
-128.9530577,43.85504903,2
-128.9599342,43.83915088,2
-128.9666974,43.82322764,2
-128.9733472,43.80727971,2
-128.9798834,43.79130754,2
-128.986306,43.77531152,2
-128.992615,43.75929207,2
-128.9988102,43.74324963,2
-129.0048917,43.72718459,2
-129.0108592,43.71109738,2
-129.0167128,43.69498842,2
-129.0224524,43.67885813,2
-129.0280779,43.66270692,2
-129.0335894,43.64653522,2
-129.0389867,43.63034344,2
-129.0442697,43.614132,2
-129.0494385,43.59790132,2
-129.0544931,43.58165183,2
-129.0594333,43.56538394,2
-129.0642591,43.54909806,2
-129.0689705,43.53279463,2
-129.0735676,43.51647406,2
-129.0780501,43.50013678,2
-129.0824182,43.48378319,2
-129.0866718,43.46741373,2
-129.0908109,43.45102881,2
-129.0948355,43.43462885,2
-129.0987456,43.41821428,2
-129.1025411,43.40178552,2
-129.1062221,43.38534297,2
-129.1097886,43.36888707,2
-129.1132405,43.35241824,2
-129.1165779,43.3359369,2
-129.1198008,43.31944346,2
-129.1229091,43.30293835,2
-129.125903,43.28642198,2
-129.1287823,43.26989479,2
-129.1315473,43.25335719,2
-129.1341978,43.23680959,2
-129.1367338,43.22025242,2
-129.1391555,43.2036861,2
-129.1414629,43.18711104,2
-129.1436559,43.17052769,2
-129.1457347,43.15393644,2
-129.1476992,43.13733771,2
-129.1495495,43.12073193,2
-129.1512857,43.10411952,2
-129.1529078,43.08750089,2
-129.1544158,43.07087647,2
-129.1558099,43.05424667,2
-129.15709,43.03761191,2
-129.1582562,43.02097261,2
-129.1593087,43.0043292,2
-129.1602473,42.98768207,2
-129.1610724,42.97103166,2
-129.1617838,42.95437838,2
-129.1623817,42.93772265,2
-129.1628661,42.92106488,2
-129.1632371,42.90440549,2
-129.1634949,42.8877449,2
-129.1636395,42.87108352,2
-129.1636709,42.85442177,2
-129.1635893,42.83776007,2
-129.1633948,42.82109881,2
-129.1630875,42.80443844,2
-129.1626674,42.78777935,2
-129.1621346,42.77112196,2
-129.1614894,42.75446669,2
-129.1607317,42.73781394,2
-129.1598617,42.72116414,2
-129.1592357,42.71033878,2
-129.1588709,42.70437488,2
-129.1577766,42.68773219,2
-129.1565703,42.67109368,2
-129.1552521,42.65445975,2
-129.1538222,42.63783082,2
-129.1522807,42.6212073,2
-129.1506278,42.6045896,2
-129.1488634,42.58797812,2
-129.1469879,42.57137328,2
-129.1450012,42.55477548,2
-129.1429036,42.53818514,2
-129.1406952,42.52160265,2
-129.1383761,42.50502843,2
-129.1359465,42.48846288,2
-129.1334065,42.47190641,2
-129.1307562,42.45535942,2
-129.1279959,42.43882232,2
-129.1251257,42.42229551,2
-129.1221457,42.4057794,2
-129.1190561,42.38927438,2
-129.115857,42.37278087,2
-129.1125486,42.35629926,2
-129.1091311,42.33982996,2
-129.1056047,42.32337335,2
-129.1019694,42.30692986,2
-129.0982256,42.29049986,2
-129.0943733,42.27408378,2
-129.0904128,42.25768199,2
-129.0863441,42.2412949,2
-129.0821676,42.22492291,2
-129.0778834,42.2085664,2
-129.0734916,42.19222579,2
-129.0689925,42.17590146,2
-129.0643863,42.1595938,2
-129.059673,42.14330322,2
-129.0548531,42.12703009,2
-129.0499265,42.11077482,2
-129.0448936,42.0945378,2
-129.0397545,42.07831941,2
-129.0345095,42.06212005,2
-129.0291587,42.04594011,2
-129.0237024,42.02977997,2
-129.0181407,42.01364003,2
-129.0124739,41.99752066,2
-129.0067022,41.98142226,2
-129.0008258,41.9653452,2
-128.9948449,41.94928988,2
-128.9887598,41.93325668,2
-128.9825706,41.91724598,2
-128.9762776,41.90125817,2
-128.9698811,41.88529362,2
-128.9633812,41.86935271,2
-128.9567781,41.85343583,2
-128.9500722,41.83754336,2
-128.9432636,41.82167567,2
-128.9363526,41.80583314,2
-128.9293395,41.79001614,2
-128.9222243,41.77422505,2
-128.9150075,41.75846025,2
-128.9076893,41.74272211,2
-128.9002698,41.727011,2
-128.8927494,41.7113273,2
-128.8851282,41.69567136,2
-128.8774066,41.68004358,2
-128.8695848,41.66444431,2
-128.8616631,41.64887391,2
-128.8536417,41.63333277,2
-128.8455208,41.61782125,2
-128.8373008,41.60233971,2
-128.8289818,41.58688852,2
-128.8205643,41.57146803,2
-128.8120483,41.55607862,2
-128.8101,41.55258684,2
-128.8086724,41.54308879,2
-128.8060979,41.5265358,2
-128.8034148,41.50999257,2
-128.8006233,41.49345949,2
-128.7977235,41.47693698,2
-128.7947155,41.46042543,2
-128.7915996,41.44392525,2
-128.7883759,41.42743684,2
-128.7850445,41.4109606,2
-128.7816056,41.39449695,2
-128.7780594,41.37804625,2
-128.774406,41.36160894,2
-128.7706457,41.3451854,2
-128.7667785,41.32877604,2
-128.7628047,41.31238124,2
-128.7587244,41.29600142,2
-128.7545378,41.27963695,2
-128.7502451,41.26328825,2
-128.7458464,41.24695571,2
-128.741342,41.23063971,2
-128.7404624,41.22749947,2
-128.7425915,41.21995757,2
-128.7471127,41.20364444,2
-128.7515238,41.18731426,2
-128.7558248,41.17096743,2
-128.7600156,41.15460439,2
-128.7640962,41.13822556,2
-128.7680666,41.12183134,2
-128.7719268,41.10542216,2
-128.7756768,41.08899846,2
-128.7793166,41.07256062,2
-128.7828461,41.05610909,2
-128.7862653,41.03964428,2
-128.7895742,41.02316661,2
-128.7927729,41.0066765,2
-128.7958614,40.99017437,2
-128.7988395,40.97366064,2
-128.8017074,40.95713574,2
-128.8044651,40.94060006,2
-128.8071125,40.92405405,2
-128.8096498,40.90749813,2
-128.8120768,40.89093269,2
-128.8143937,40.87435818,2
-128.8166003,40.857775,2
-128.8186969,40.84118359,2
-128.8206834,40.82458435,2
-128.8225598,40.80797771,2
-128.8243262,40.79136408,2
-128.8259826,40.77474389,2
-128.8275291,40.75811754,2
-128.8289657,40.74148548,2
-128.8302923,40.7248481,2
-128.8315092,40.70820582,2
-128.8326164,40.69155908,2
-128.8336138,40.67490828,2
-128.8345016,40.65825384,2
-128.8352798,40.64159618,2
-128.8359485,40.62493571,2
-128.8365077,40.60827287,2
-128.8369575,40.59160805,2
-128.837298,40.57494168,2
-128.8375293,40.55827417,2
-128.8376513,40.54160594,2
-128.8376643,40.52493741,2
-128.8375683,40.50826898,2
-128.8373634,40.49160108,2
-128.8370496,40.47493411,2
-128.836627,40.45826851,2
-128.8360958,40.44160467,2
-128.835456,40.42494301,2
-128.8347077,40.40828395,2
-128.8338511,40.3916279,2
-128.8328862,40.37497526,2
-128.8318131,40.35832646,2
-128.8306319,40.34168191,2
-128.8293428,40.32504201,2
-128.8279459,40.30840718,2
-128.8264412,40.29177783,2
-128.8248289,40.27515436,2
-128.8231091,40.25853719,2
-128.8212819,40.24192673,2
-128.8193475,40.22532339,2
-128.8173059,40.20872758,2
-128.8151574,40.19213969,2
-128.812902,40.17556014,2
-128.8105398,40.15898934,2
-128.8080711,40.14242769,2
-128.8054958,40.1258756,2
-128.8028143,40.10933348,2
-128.8000266,40.09280172,2
-128.7971328,40.07628074,2
-128.7941332,40.05977093,2
-128.7910278,40.04327271,2
-128.7878168,40.02678647,2
-128.7845004,40.01031261,2
-128.7810787,39.99385154,2
-128.7775519,39.97740365,2
-128.7739201,39.96096936,2
-128.7701836,39.94454905,2
-128.7663424,39.92814313,2
-128.7623968,39.911752,2
-128.7583468,39.89537604,2
-128.7541928,39.87901567,2
-128.7499348,39.86267128,2
-128.745573,39.84634325,2
-128.7411076,39.830032,2
-128.7365389,39.8137379,2
-128.7318669,39.79746137,2
-128.7270918,39.78120277,2
-128.7222139,39.76496253,2
-128.7172334,39.74874101,2
-128.7121503,39.73253862,2
-128.706965,39.71635575,2
-128.7016776,39.70019278,2
-128.6962883,39.68405011,2
-128.6907973,39.66792811,2
-128.6852048,39.65182718,2
-128.6795111,39.63574771,2
-128.6737162,39.61969008,2
-128.6678205,39.60365467,2
-128.6618242,39.58764188,2
-128.6557274,39.57165209,2
-128.6495303,39.55568566,2
-128.6432333,39.539743,2
-128.6368364,39.52382448,2
-128.63034,39.50793047,2
-128.6237442,39.49206137,2
-128.6170493,39.47621754,2
-128.6102554,39.46039937,2
-128.6033629,39.44460723,2
-128.596372,39.4288415,2
-128.5892828,39.41310255,2
-128.5820956,39.39739076,2
-128.5748107,39.3817065,2
-128.5674283,39.36605015,2
-128.5599486,39.35042208,2
-128.5523719,39.33482264,2
-128.5446983,39.31925223,2
-128.5369283,39.3037112,2
-128.5290619,39.28819993,2
-128.5210995,39.27271877,2
-128.5130413,39.2572681,2
-128.5048875,39.24184828,2
-128.4966385,39.22645968,2
-128.4882944,39.21110265,2
-128.4798555,39.19577757,2
-128.4713221,39.18048478,2
-128.4626945,39.16522466,2
-128.4539728,39.14999757,2
-128.4451574,39.13480386,2
-128.4362486,39.11964388,2
-128.4272465,39.10451799,2
-128.4181515,39.08942655,2
-128.4089639,39.07436993,2
-128.4063082,39.07005227,2
-128.400302,39.05851312,2
-128.3921774,39.04309078,2
-128.3839577,39.02769963,2
-128.3756432,39.01234005,2
-128.3672341,38.99701239,2
-128.3587308,38.98171702,2
-128.3501334,38.96645429,2
-128.3414422,38.95122456,2
-128.3326575,38.9360282,2
-128.3237796,38.92086556,2
-128.3148087,38.905737,2
-128.3057451,38.89064286,2
-128.296589,38.87558353,2
-128.2873407,38.86055933,2
-128.2780006,38.84557063,2
-128.2685688,38.83061777,2
-128.2590457,38.81570111,2
-128.2494315,38.80082099,2
-128.2397266,38.78597777,2
-128.2299311,38.77117178,2
-128.2200454,38.75640339,2
-128.2100698,38.74167293,2
-128.2000045,38.72698074,2
-128.1898498,38.71232717,2
-128.1796061,38.69771257,2
-128.1692736,38.68313726,2
-128.1588526,38.66860161,2
-128.1483434,38.65410593,2
-128.1377463,38.63965056,2
-128.1270617,38.62523586,2
-128.1162897,38.61086214,2
-128.1054307,38.59652975,2
-128.094485,38.58223901,2
-128.0834529,38.56799026,2
-128.0723347,38.55378383,2
-128.0611308,38.53962005,2
-128.0498413,38.52549924,2
-128.0384667,38.51142174,2
-128.0270073,38.49738787,2
-128.0154633,38.48339796,2
-128.003835,38.46945232,2
-127.9921229,38.45555129,2
-127.9803272,38.44169517,2
-127.9684481,38.4278843,2
-127.9564862,38.41411899,2
-127.9444416,38.40039956,2
-127.9432261,38.39902286,2
-127.9418508,38.39346454,2
-127.9377327,38.37710791,2
-127.9335128,38.36076746,2
-127.9291913,38.34444359,2
-127.9247683,38.32813671,2
-127.9202441,38.3118472,2
-127.9156187,38.29557546,2
-127.9108925,38.27932188,2
-127.9060655,38.26308685,2
-127.9011379,38.24687077,2
-127.89611,38.23067403,2
-127.8909819,38.21449702,2
-127.8857538,38.19834013,2
-127.880426,38.18220375,2
-127.8749985,38.16608827,2
-127.8694716,38.14999406,2
-127.8638454,38.13392153,2
-127.8581203,38.11787107,2
-127.8522963,38.10184304,2
-127.8463738,38.08583784,2
-127.8403528,38.06985585,2
-127.8342337,38.05389747,2
-127.8280165,38.03796306,2
-127.8217016,38.02205301,2
-127.8152891,38.0061677,2
-127.8087792,37.99030751,2
-127.8021723,37.97447282,2
-127.7954684,37.95866401,2
-127.7886678,37.94288146,2
-127.7817708,37.92712553,2
-127.7747775,37.91139662,2
-127.7676882,37.89569508,2
-127.7605031,37.88002131,2
-127.7532225,37.86437566,2
-127.7458465,37.84875852,2
-127.7383755,37.83317025,2
-127.7308096,37.81761122,2
-127.7231491,37.80208181,2
-127.7153942,37.78658238,2
-127.7075451,37.77111329,2
-127.6996022,37.75567493,2
-127.6915657,37.74026765,2
-127.6834357,37.72489181,2
-127.6752126,37.70954779,2
-127.6743,37.70785753,2
-127.672241,37.70392751,2
-127.6641161,37.68855123,2
-127.655898,37.67320674,2
-127.6475871,37.65789444,2
-127.6391836,37.64261466,2
-127.6306878,37.62736777,2
-127.6220998,37.61215415,2
-127.61342,37.59697413,2
-127.6046486,37.58182809,2
-127.5957859,37.56671637,2
-127.5868322,37.55163934,2
-127.5777876,37.53659735,2
-127.5686525,37.52159075,2
-127.5594272,37.50661989,2
-127.5501118,37.49168514,2
-127.5407068,37.47678683,2
-127.5312123,37.46192533,2
-127.5216286,37.44710097,2
-127.511956,37.4323141,2
-127.5021948,37.41756508,2
-127.4923453,37.40285424,2
-127.4824077,37.38818195,2
-127.4723823,37.37354852,2
-127.4622694,37.35895432,2
-127.4520693,37.34439967,2
-127.4417823,37.32988492,2
-127.4314086,37.31541042,2
-127.4209487,37.30097649,2
-127.4104026,37.28658348,2
-127.3997708,37.2722317,2
-127.3890535,37.25792152,2
-127.3782511,37.24365326,2
-127.3711976,37.23441933,2
-127.3660774,37.22774775,2
-127.3551058,37.2135643,2
-127.3440499,37.19942375,2
-127.3329101,37.18532645,2
-127.3216866,37.1712727,2
-127.3103797,37.15726286,2
-127.2989898,37.14329724,2
-127.2875172,37.12937615,2
-127.2759621,37.11549994,2
-127.2643249,37.10166892,2
-127.2526059,37.0878834,2
-127.2408054,37.07414371,2
-127.2289237,37.06045017,2
-127.2169611,37.04680308,2
-127.204918,37.03320279,2
-127.1927947,37.01964958,2
-127.1805915,37.00614377,2
-127.1791299,37.00453534,2
-127.1766162,36.99677976,2
-127.1713117,36.98065306,2
-127.1659091,36.96454751,2
-127.1604087,36.9484635,2
-127.1548106,36.93240142,2
-127.1491152,36.91636166,2
-127.1433225,36.9003446,2
-127.1374327,36.88435062,2
-127.1314461,36.86838011,2
-127.1253629,36.85243346,2
-127.1191833,36.83651105,2
-127.1129074,36.82061326,2
-127.1065355,36.80474046,2
-127.1000679,36.78889304,2
-127.0935046,36.77307138,2
-127.086846,36.75727587,2
-127.0800922,36.74150686,2
-127.0732434,36.72576474,2
-127.0663,36.7100499,2
-127.0592621,36.6943627,2
-127.0521298,36.67870351,2
-127.0449036,36.66307271,2
-127.0375835,36.64747069,2
-127.0301698,36.63189779,2
-127.0226628,36.61635439,2
-127.0150627,36.60084088,2
-127.0073696,36.58535762,2
-126.999584,36.56990495,2
-126.9917059,36.55448327,2
-126.9837356,36.53909294,2
-126.9756734,36.52373431,2
-126.9675195,36.50840776,2
-126.9592742,36.49311365,2
-126.9509377,36.47785234,2
-126.9425102,36.46262418,2
-126.9339921,36.44742955,2
-126.9253835,36.4322688,2
-126.9166848,36.41714229,2
-126.9078961,36.40205038,2
-126.8990177,36.38699342,2
-126.89005,36.37197177,2
-126.8809931,36.35698577,2
-126.8718473,36.34203579,2
-126.8626129,36.32712219,2
-126.8532901,36.31224531,2
-126.8438792,36.29740548,2
-126.8343806,36.28260308,2
-126.8247944,36.26783845,2
-126.8151209,36.25311193,2
-126.8053604,36.23842387,2
-126.7955132,36.2237746,2
-126.7855796,36.2091645,2
-126.7755598,36.19459388,2
-126.7654541,36.18006309,2
-126.7552628,36.16557248,2
-126.7449862,36.15112238,2
-126.7346246,36.13671313,2
-126.7241782,36.12234506,2
-126.7136474,36.10801852,2
-126.7030324,36.09373384,2
-126.6923335,36.07949134,2
-126.6815511,36.06529137,2
-126.6706854,36.05113426,2
-126.6597366,36.03702033,2
-126.6487052,36.02294992,2
-126.6375914,36.00892335,2
-126.6263956,35.99494095,2
-126.6151179,35.98100304,2
-126.6037587,35.96710996,2
-126.5923184,35.95326202,2
-126.5807971,35.93945954,2
-126.5691954,35.92570285,2
-126.5575133,35.91199226,2
-126.5457513,35.8983281,2
-126.5339097,35.88471067,2
-126.5219888,35.8711403,2
-126.5099888,35.85761731,2
-126.4979102,35.844142,2
-126.4857532,35.83071468,2
-126.4735181,35.81733567,2
-126.4612053,35.80400528,2
-126.4488151,35.79072382,2
-126.4363478,35.77749158,2
-126.4238037,35.76430889,2
-126.4111832,35.75117603,2
-126.3984866,35.73809333,2
-126.3857142,35.72506107,2
-126.3728663,35.71207957,2
-126.3599433,35.6991491,2
-126.3469455,35.68627,2
-126.3338733,35.67344252,2
-126.320727,35.660667,2
-126.3075068,35.6479437,2
-126.2942132,35.63527293,2
-126.2808465,35.62265498,2
-126.267407,35.61009013,2
-126.2538951,35.59757868,2
-126.2403111,35.58512092,2
-126.2266553,35.57271713,2
-126.2129281,35.56036759,2
-126.1991299,35.54807259,2
-126.185261,35.53583241,2
-126.1713217,35.52364733,2
-126.1573123,35.51151764,2
-126.1432334,35.49944359,2
-126.129085,35.48742549,2
-126.1148678,35.4754636,2
-126.1005819,35.46355819,2
-126.0862278,35.45170954,2
-126.0718058,35.43991791,2
-126.0573162,35.42818359,2
-126.0427594,35.41650683,2
-126.0281359,35.40488789,2
-126.0134458,35.39332706,2
-125.9986897,35.3818246,2
-125.9838678,35.37038076,2
-125.9689805,35.35899579,2
-125.9540283,35.34766998,2
-125.9390113,35.33640357,2
-125.9294815,35.32930951,2
-125.9238056,35.32510436,2
-125.9086605,35.31395751,2
-125.9054856,35.31163433,2
-125.8997013,35.30738927,2
-125.8919721,35.30174105,2
-125.8852307,35.29654402,2
-125.8703581,35.28515795,2
-125.8554205,35.27383104,2
-125.8404183,35.26256353,2
-125.8253518,35.25135568,2
-125.8102215,35.24020775,2
-125.7950277,35.22911998,2
-125.7797707,35.21809265,2
-125.7748504,35.21455893,2
-125.768688,35.2009014,2
-125.7615422,35.18528295,2
-125.7543043,35.16969351,2
-125.7469745,35.15413345,2
-125.739553,35.13860313,2
-125.7320401,35.12310294,2
-125.7244359,35.10763322,2
-125.7167408,35.09219436,2
-125.708955,35.07678673,2
-125.7010786,35.06141068,2
-125.6931119,35.0460666,2
-125.6850552,35.03075483,2
-125.6769087,35.01547575,2
-125.6686726,35.00022971,2
-125.6603472,34.98501709,2
-125.6519327,34.96983822,2
-125.6434295,34.9546935,2
-125.6348376,34.93958325,2
-125.6261574,34.92450786,2
-125.6173892,34.90946767,2
-125.6085331,34.89446304,2
-125.5995895,34.87949431,2
-125.5905586,34.86456186,2
-125.5814406,34.84966603,2
-125.5722359,34.83480717,2
-125.5629446,34.81998563,2
-125.5535671,34.80520177,2
-125.5441035,34.79045592,2
-125.5345543,34.77574844,2
-125.5249196,34.76107969,2
-125.5151997,34.74644998,2
-125.5053949,34.73185969,2
-125.4955054,34.71730914,2
-125.4855316,34.70279868,2
-125.4754737,34.68832865,2
-125.465332,34.6738994,2
-125.4551068,34.65951125,2
-125.4447983,34.64516455,2
-125.4344069,34.63085963,2
-125.4239327,34.61659684,2
-125.4133762,34.6023765,2
-125.4027376,34.58819894,2
-125.3920172,34.5740645,2
-125.3812152,34.55997351,2
-125.370332,34.54592631,2
-125.3593678,34.53192321,2
-125.348323,34.51796454,2
-125.3371979,34.50405063,2
-125.3259927,34.49018182,2
-125.3147077,34.47635841,2
-125.3033433,34.46258073,2
-125.2918997,34.44884911,2
-125.2803773,34.43516386,2
-125.2731939,34.42670238,2
-125.2707629,34.42379599,2
-125.2592444,34.41011039,2
-125.2476474,34.39647148,2
-125.2359722,34.38287957,2
-125.2242191,34.369335,2
-125.2123884,34.35583806,2
-125.2004804,34.34238908,2
-125.1884954,34.32898836,2
-125.1764338,34.31563623,2
-125.1642958,34.30233298,2
-125.1520817,34.28907894,2
-125.139792,34.2758744,2
-125.1274268,34.26271967,2
-125.1149866,34.24961507,2
-125.1024716,34.23656088,2
-125.0898821,34.22355742,2
-125.0772186,34.21060498,2
-125.0644812,34.19770387,2
-125.0516704,34.18485438,2
-125.0387865,34.17205681,2
-125.0258298,34.15931147,2
-125.0128005,34.14661863,2
-124.9996992,34.1339786,2
-124.986526,34.12139168,2
-124.9732813,34.10885813,2
-124.9599655,34.09637826,2
-124.9465789,34.08395236,2
-124.9331219,34.07158072,2
-124.9195947,34.05926361,2
-124.9059977,34.04700132,2
-124.8923312,34.03479413,2
-124.8785957,34.02264234,2
-124.8647914,34.01054621,2
-124.8509186,33.99850602,2
-124.8369778,33.98652206,2
-124.8229693,33.97459458,2
-124.8088934,33.96272388,2
-124.7947504,33.95091023,2
-124.7805408,33.93915388,2
-124.7662648,33.92745514,2
-124.7519229,33.91581423,2
-124.7375153,33.90423145,2
-124.7230425,33.89270706,2
-124.7193614,33.88979339,2
-124.7163884,33.88659321,2
-124.704087,33.87343288,2
-124.7033779,33.87267827,2
-124.69684,33.86444181,2
-124.6857324,33.85056408,2
-124.6745455,33.83673175,2
-124.6632797,33.82294512,2
-124.6519351,33.80920453,2
-124.6405121,33.79551029,2
-124.629011,33.78186271,2
-124.6277139,33.78033214,2
-124.6169389,33.76768023,2
-124.6052827,33.75412695,2
-124.5935493,33.7406213,2
-124.581739,33.72716358,2
-124.5698522,33.71375412,2
-124.5578891,33.70039321,2
-124.5458501,33.68708119,2
-124.5337354,33.67381835,2
-124.5215455,33.660605,2
-124.5092805,33.64744145,2
-124.5082213,33.64631072,2
-124.503263,33.63304642,2
-124.4972242,33.61714153,2
-124.4910927,33.6012617,2
-124.4848689,33.58540733,2
-124.4785529,33.56957879,2
-124.4721449,33.55377647,2
-124.4656452,33.53800075,2
-124.4615612,33.52821406,2
-124.4585612,33.51540493,2
-124.4546401,33.49904312,2
-124.4506231,33.48269774,2
-124.4465103,33.4663692,2
-124.4423019,33.45005787,2
-124.437998,33.43376416,2
-124.4335988,33.41748848,2
-124.4291044,33.40123119,2
-124.424515,33.38499272,2
-124.4198307,33.36877345,2
-124.4150518,33.35257378,2
-124.4101784,33.33639409,2
-124.4052106,33.32023478,2
-124.4001487,33.30409624,2
-124.3949928,33.28797887,2
-124.3897431,33.27188305,2
-124.3843997,33.25580916,2
-124.3789629,33.23975761,2
-124.3734328,33.22372877,2
-124.3678096,33.20772304,2
-124.3620935,33.1917408,2
-124.3562846,33.17578244,2
-124.3503833,33.15984834,2
-124.3443896,33.14393888,2
-124.3383038,33.12805445,2
-124.332126,33.11219543,2
-124.3258564,33.09636221,2
-124.3194953,33.08055516,2
-124.3130429,33.06477466,2
-124.3064993,33.04902109,2
-124.2998648,33.03329484,2
-124.2931395,33.01759627,2
-124.2863237,33.00192577,2
-124.2794175,32.98628371,2
-124.2724213,32.97067047,2
-124.2653351,32.95508642,2
-124.2581593,32.93953193,2
-124.250894,32.92400738,2
-124.2435395,32.90851312,2
-124.236096,32.89304956,2
-124.2285636,32.87761703,2
-124.2209427,32.86221593,2
-124.2201381,32.86060214,2
-124.2131883,32.84675616,2
-124.205391,32.83141898,2
-124.1975057,32.81611433,2
-124.1895328,32.80084255,2
-124.1814724,32.78560402,2
-124.1733249,32.7703991,2
-124.1650904,32.75522815,2
-124.1567692,32.74009153,2
-124.1483616,32.72498959,2
-124.1398677,32.70992272,2
-124.1312878,32.69489124,2
-124.1226222,32.67989554,2
-124.1138711,32.66493596,2
-124.1050347,32.65001285,2
-124.0961133,32.63512657,2
-124.0871073,32.62027748,2
-124.0780167,32.60546592,2
-124.0688418,32.59069226,2
-124.059583,32.57595682,2
-124.0502405,32.56125997,2
-124.0408146,32.54660207,2
-124.0313054,32.53198343,2
-124.0217133,32.51740442,2
-124.0120386,32.50286538,2
-124.0022814,32.48836666,2
-123.9924421,32.47390859,2
-123.982521,32.45949152,2
-123.9725182,32.44511578,2
-123.9624342,32.43078173,2
-123.9522691,32.41648969,2
-123.9420232,32.40223999,2
-123.9316968,32.38803299,2
-123.9212903,32.37386901,2
-123.9108038,32.35974838,2
-123.9002376,32.34567144,2
-123.8895921,32.3316385,2
-123.8788675,32.31764993,2
-123.8680642,32.30370602,2
-123.8571823,32.28980713,2
-123.8462222,32.27595356,2
-123.8351841,32.26214564,2
-123.8240685,32.2483837,2
-123.8128755,32.23466806,2
-123.8016055,32.22099905,2
-123.7902587,32.20737698,2
-123.7788354,32.19380217,2
-123.7673361,32.18027495,2
-123.7557608,32.16679561,2
-123.7441101,32.15336448,2
-123.732384,32.13998189,2
-123.7205831,32.12664814,2
-123.7087075,32.11336353,2
-123.6967576,32.10012838,2
-123.6847337,32.086943,2
-123.672636,32.07380771,2
-123.660465,32.06072279,2
-123.6482209,32.04768856,2
-123.635904,32.03470533,2
-123.6235147,32.02177339,2
-123.6193268,32.01743064,2
-123.6151584,32.01286981,2
-123.6030718,31.9997335,2
-123.5909119,31.98664756,2
-123.5786789,31.97361231,2
-123.5663732,31.96062805,2
-123.5539951,31.94769509,2
-123.5415449,31.93481372,2
-123.5290229,31.92198425,2
-123.5164295,31.90920697,2
-123.5037649,31.89648218,2
-123.4910295,31.88381018,2
-123.4782237,31.87119127,2
-123.4653477,31.85862572,2
-123.4524018,31.84611385,2
-123.4393865,31.83365593,2
-123.4263019,31.82125227,2
-123.4131485,31.80890314,2
-123.3999266,31.79660883,2
-123.3866365,31.78436963,2
-123.3732785,31.77218582,2
-123.359853,31.76005768,2
-123.3463603,31.7479855,2
-123.3328008,31.73596956,2
-123.3191748,31.72401013,2
-123.3054825,31.71210749,2
-123.2917245,31.70026191,2
-123.2779009,31.68847368,2
-123.2640122,31.67674306,2
-123.2500587,31.66507032,2
-123.2360407,31.65345574,2
-123.2219586,31.64189959,2
-123.2078127,31.63040212,2
-123.1936034,31.6189636,2
-123.179331,31.6075843,2
-123.1649959,31.59626449,2
-123.1505984,31.58500442,2
-123.1361389,31.57380435,2
-123.1216178,31.56266455,2
-123.1070353,31.55158526,2
-123.0923918,31.54056674,2
-123.0776878,31.52960925,2
-123.0629235,31.51871305,2
-123.0480993,31.50787837,2
-123.0332156,31.49710547,2
-123.0182727,31.48639461,2
-123.0032711,31.47574601,2
-122.9882109,31.46515994,2
-122.9730927,31.45463663,2
-122.9579168,31.44417633,2
-122.9426835,31.43377927,2
-122.9273933,31.42344568,2
-122.9120464,31.41317584,2
-122.8966433,31.40296993,2
-122.8811843,31.39282824,2
-122.8679602,31.38423236,2
-122.8606324,31.37596053,2
-122.8591658,31.37431107,2
-122.8473234,31.36106587,2
-122.8354073,31.34787041,2
-122.823418,31.33472502,2
-122.8113557,31.32163,2
-122.7992208,31.30858566,2
-122.7870136,31.2955923,2
-122.7747343,31.28265022,2
-122.7623833,31.26975972,2
-122.7499609,31.25692113,2
-122.7374674,31.24413471,2
-122.7249031,31.23140078,2
-122.7122684,31.21871963,2
-122.6995636,31.20609156,2
-122.686789,31.19351686,2
-122.6739449,31.18099583,2
-122.6610316,31.16852875,2
-122.6480495,31.15611592,2
-122.6349989,31.14375762,2
-122.6218802,31.13145414,2
-122.6086936,31.11920578,2
-122.5954394,31.10701281,2
-122.5821181,31.09487551,2
-122.56873,31.08279418,2
-122.5552753,31.07076908,2
-122.5417544,31.05880051,2
-122.5281677,31.04688872,2
-122.5247315,31.04389422,2
-122.5136485,31.03359643,2
-122.5004075,31.0214023,2
-122.4870993,31.00926383,2
-122.4737244,30.99718133,2
-122.4602829,30.98515506,2
-122.4467754,30.97318531,2
-122.433202,30.96127236,2
-122.4195631,30.94941648,2
-122.4058592,30.93761795,2
-122.3920904,30.92587704,2
-122.3782572,30.91419403,2
-122.3643599,30.90256919,2
-122.3503988,30.89100277,2
-122.3363743,30.87949506,2
-122.3222867,30.8680463,2
-122.3081364,30.85665679,2
-122.2939237,30.84532678,2
-122.2796489,30.83405652,2
-122.2653125,30.82284628,2
-122.2509147,30.81169632,2
-122.236456,30.8006069,2
-122.2297798,30.79552253,2
-122.2272609,30.79356,2
-122.2128679,30.78240966,2
-122.1984139,30.77131984,2
-122.1838993,30.76029081,2
-122.1693244,30.74932284,2
-122.1546896,30.73841617,2
-122.1399952,30.72757105,2
-122.1252417,30.71678774,2
-122.1104293,30.70606648,2
-122.0955584,30.69540751,2
-122.084743,30.68772048,2
-122.0755128,30.68111572,2
-122.0605862,30.67051911,2
-122.0456018,30.65998529,2
-122.03056,30.64951452,2
-122.0154612,30.639107,2
-122.0003058,30.62876301,2
-121.985094,30.61848278,2
-121.9698263,30.60826652,2
-121.954503,30.59811449,2
-121.9391245,30.58802692,2
-121.9236912,30.57800404,2
-121.9082034,30.56804608,2
-121.8926615,30.55815327,2
-121.8770659,30.54832584,2
-121.8670749,30.54209358,2
-121.8670749,30.54209358,3
-121.8647566,30.54254538,3
-121.8459269,30.54621319,3
-121.8270957,30.54987828,3
-121.8082632,30.55354063,3
-121.7894292,30.55720026,3
-121.7705939,30.56085717,3
-121.7517571,30.56451135,3
-121.7329189,30.5681628,3
-121.7140793,30.57181153,3
-121.6952383,30.57545753,3
-121.6763959,30.57910079,3
-121.6575521,30.58274133,3
-121.6387068,30.58637913,3
-121.6198602,30.59001422,3
-121.6010121,30.59364656,3
-121.5821627,30.59727617,3
-121.5633118,30.60090305,3
-121.5444596,30.60452719,3
-121.5256059,30.60814861,3
-121.5067508,30.61176729,3
-121.4878944,30.61538323,3
-121.4690365,30.61899644,3
-121.4501772,30.6226069,3
-121.4313166,30.62621464,3
-121.4124545,30.62981964,3
-121.393591,30.63342189,3
-121.3747262,30.63702141,3
-121.3558599,30.6406182,3
-121.3369922,30.64421224,3
-121.3181232,30.64780354,3
-121.2992528,30.6513921,3
-121.2803809,30.65497792,3
-121.2615077,30.65856099,3
-121.2426331,30.66214133,3
-121.223757,30.66571891,3
-121.2048796,30.66929376,3
-121.1860009,30.67286586,3
-121.1671207,30.67643521,3
-121.1482391,30.68000183,3
-121.1293561,30.68356569,3
-121.1104718,30.6871268,3
-121.0915861,30.69068518,3
-121.072699,30.6942408,3
-121.0538105,30.69779367,3
-121.0349206,30.70134379,3
-121.0160293,30.70489117,3
-120.9971367,30.70843579,3
-120.9782426,30.71197766,3
-120.9593472,30.71551679,3
-120.9404504,30.71905315,3
-120.9215523,30.72258677,3
-120.9026527,30.72611764,3
-120.8837518,30.72964574,3
-120.8648495,30.7331711,3
-120.8459458,30.73669369,3
-120.8270408,30.74021354,3
-120.8081344,30.74373063,3
-120.7892266,30.74724496,3
-120.7703174,30.75075654,3
-120.7514069,30.75426535,3
-120.732495,30.75777141,3
-120.7135817,30.7612747,3
-120.694667,30.76477524,3
-120.675751,30.76827302,3
-120.6568336,30.77176804,3
-120.6379149,30.77526029,3
-120.6189947,30.77874979,3
-120.6000733,30.78223652,3
-120.5811504,30.78572049,3
-120.5622262,30.78920169,3
-120.5433006,30.79268013,3
-120.5243737,30.79615581,3
-120.5054454,30.79962872,3
-120.4865157,30.80309886,3
-120.4675847,30.80656624,3
-120.4486523,30.81003085,3
-120.4297186,30.8134927,3
-120.4107835,30.81695177,3
-120.391847,30.82040807,3
-120.3729092,30.8238616,3
-120.3539701,30.82731238,3
-120.3350296,30.83076037,3
-120.3160877,30.83420559,3
-120.2971445,30.83764805,3
-120.2781999,30.84108772,3
-120.259254,30.84452464,3
-120.2403067,30.84795876,3
-120.2213581,30.85139013,3
-120.2024081,30.85481871,3
-120.1834568,30.85824452,3
-120.1645041,30.86166755,3
-120.1455501,30.86508781,3
-120.1265947,30.86850529,3
-120.107638,30.87192,3
-120.08868,30.87533192,3
-120.0697206,30.87874106,3
-120.0507599,30.88214743,3
-120.0317978,30.88555103,3
-120.0128344,30.88895183,3
-119.9938696,30.89234986,3
-119.9749035,30.8957451,3
-119.9559361,30.89913757,3
-119.9369673,30.90252725,3
-119.9179972,30.90591415,3
-119.8990258,30.90929826,3
-119.880053,30.91267959,3
-119.8610789,30.91605813,3
-119.8421035,30.9194339,3
-119.8231267,30.92280687,3
-119.8041486,30.92617706,3
-119.7851692,30.92954446,3
-119.7661884,30.93290907,3
-119.7472063,30.93627089,3
-119.7282229,30.93962993,3
-119.7092382,30.94298617,3
-119.6902521,30.94633964,3
-119.6712647,30.9496903,3
-119.652276,30.95303817,3
-119.6332859,30.95638326,3
-119.6142945,30.95972555,3
-119.5953019,30.96306505,3
-119.5763078,30.96640175,3
-119.5573125,30.96973566,3
-119.5383158,30.97306678,3
-119.5193179,30.97639511,3
-119.5003186,30.97972064,3
-119.481318,30.98304337,3
-119.4623161,30.98636331,3
-119.4433128,30.98968044,3
-119.4243083,30.99299478,3
-119.4053024,30.99630633,3
-119.3862952,30.99961507,3
-119.3672867,31.00292101,3
-119.3482769,31.00622416,3
-119.3292658,31.0095245,3
-119.3102534,31.01282204,3
-119.2912397,31.01611678,3
-119.2722246,31.01940872,3
-119.2532083,31.02269785,3
-119.2341906,31.02598419,3
-119.2151717,31.02926772,3
-119.1961514,31.03254845,3
-119.1771298,31.03582637,3
-119.158107,31.03910148,3
-119.1390828,31.04237379,3
-119.1200573,31.04564329,3
-119.1010305,31.04890999,3
-119.0820025,31.05217387,3
-119.0629731,31.05543495,3
-119.0439424,31.05869323,3
-119.0249105,31.06194868,3
-119.0058772,31.06520134,3
-118.9868427,31.06845118,3
-118.9678068,31.07169821,3
-118.9487697,31.07494243,3
-118.9297312,31.07818384,3
-118.9106915,31.08142243,3
-118.8916505,31.08465821,3
-118.8726082,31.08789118,3
-118.8535646,31.09112133,3
-118.8345197,31.09434868,3
-118.8154736,31.0975732,3
-118.7964261,31.1007949,3
-118.7773774,31.1040138,3
-118.7583273,31.10722987,3
-118.739276,31.11044313,3
-118.7202234,31.11365357,3
-118.7011696,31.11686119,3
-118.6821144,31.12006599,3
-118.663058,31.12326797,3
-118.6440003,31.12646714,3
-118.6249413,31.12966348,3
-118.605881,31.132857,3
-118.5986285,31.14700096,3
-118.5907892,31.16228396,3
-118.5829475,31.17756644,3
-118.5751032,31.19284843,3
-118.5672564,31.20812989,3
-118.5594071,31.22341083,3
-118.5515552,31.23869126,3
-118.5437008,31.25397118,3
-118.5358439,31.26925057,3
-118.5279845,31.28452946,3
-118.5201225,31.29980782,3
-118.512258,31.31508566,3
-118.5043909,31.33036299,3
-118.4965213,31.3456398,3
-118.4886492,31.36091609,3
-118.4807745,31.37619186,3
-118.4728973,31.39146712,3
-118.4650175,31.40674184,3
-118.4571351,31.42201605,3
-118.4492502,31.43728974,3
-118.4413628,31.45256291,3
-118.4334728,31.46783555,3
-118.4255802,31.48310767,3
-118.417685,31.49837926,3
-118.4097873,31.51365034,3
-118.401887,31.52892089,3
-118.3939842,31.54419091,3
-118.3860788,31.55946041,3
-118.3781708,31.57472939,3
-118.3702602,31.58999784,3
-118.362347,31.60526576,3
-118.3544313,31.62053315,3
-118.346513,31.63580002,3
-118.3385921,31.65106636,3
-118.3306686,31.66633217,3
-118.3227425,31.68159746,3
-118.3148138,31.69686221,3
-118.3068825,31.71212644,3
-118.2989486,31.72739013,3
-118.2910121,31.74265329,3
-118.2830731,31.75791593,3
-118.2751314,31.77317802,3
-118.2671871,31.7884396,3
-118.2592401,31.80370064,3
-118.2512906,31.81896114,3
-118.2433385,31.83422111,3
-118.2353837,31.84948054,3
-118.2274263,31.86473945,3
-118.2194663,31.87999782,3
-118.2115037,31.89525565,3
-118.2035385,31.91051295,3
-118.1955706,31.92576971,3
-118.1876001,31.94102593,3
-118.1796269,31.95628162,3
-118.1716511,31.97153677,3
-118.1636727,31.98679138,3
-118.1556917,32.00204545,3
-118.147708,32.01729899,3
-118.1397216,32.03255198,3
-118.1317326,32.04780444,3
-118.123741,32.06305635,3
-118.1157466,32.07830772,3
-118.1077497,32.09355856,3
-118.0997501,32.10880885,3
-118.0917478,32.1240586,3
-118.0837429,32.13930781,3
-118.0757353,32.15455647,3
-118.067725,32.16980458,3
-118.0597121,32.18505216,3
-118.0516965,32.20029919,3
-118.0436782,32.21554568,3
-118.0356572,32.23079161,3
-118.0276336,32.24603701,3
-118.0196073,32.26128186,3
-118.0115783,32.27652616,3
-118.0035466,32.29176991,3
-117.9955122,32.30701311,3
-117.9874751,32.32225577,3
-117.9794354,32.33749788,3
-117.9713929,32.35273943,3
-117.9633477,32.36798044,3
-117.9552999,32.38322091,3
-117.9472493,32.39846081,3
-117.9391961,32.41370017,3
-117.9311401,32.42893897,3
-117.9230814,32.44417722,3
-117.91502,32.45941492,3
-117.9069559,32.47465207,3
-117.8988891,32.48988866,3
-117.8908196,32.5051247,3
-117.8827473,32.52036019,3
-117.8746723,32.53559511,3
-117.8665946,32.55082948,3
-117.8585141,32.5660633,3
-117.850431,32.58129657,3
-117.842345,32.59652927,3
-117.8342564,32.61176141,3
-117.826165,32.626993,3
-117.8171196,32.62606876,3
-117.7975279,32.62406464,3
-117.777937,32.62205745,3
-117.758347,32.6200472,3
-117.7387579,32.6180339,3
-117.7191697,32.61601754,3
-117.7190661,32.61600687,3
-117.7190661,32.61600687,3
-117.6995823,32.61399813,3
-117.6799958,32.61197566,3
-117.6604102,32.60995015,3
-117.6408255,32.60792156,3
-117.6212417,32.60588993,3
-117.6016587,32.60385525,3
-117.5820767,32.60181752,3
-117.5624955,32.59977673,3
-117.5429152,32.59773288,3
-117.5233358,32.59568599,3
-117.5037573,32.59363604,3
-117.4841797,32.59158304,3
-117.464603,32.589527,3
-117.4644635,32.58950275,3
-117.4644635,32.58950275,3
-117.4636904,32.58936834,3
-117.4443678,32.58600741,3
-117.4250467,32.58264352,3
-117.405727,32.57927665,3
-117.3864088,32.57590681,3
-117.367092,32.572534,3
-117.3601803,32.57125584,3
-117.3409128,32.56769059,3
-117.3216468,32.56412237,3
-117.3023823,32.5605512,3
-117.2831194,32.55697708,3
-117.2633021,32.55339964,3
-117.2514758,32.54046959,3
-117.239059,32.527498,3
-117.2229975,32.52845603,3
-117.2033326,32.52962617,3
-117.1836672,32.53079325,3
-117.1836315,32.53079536,3
-117.1836315,32.53079536,3
-117.1640013,32.53195723,3
-117.1443349,32.53311816,3
-117.124668,32.534276,3
