"Yr","Seas","Bio_smry_2005","Recruit_0_2005","Bio_smry_2009","Recruit_0_2009","Bio_smry_2011","Recruit_0_2011","Bio_smry_2013","Recruit_0_2013","Bio_smry_2015","Recruit_0_2015","Bio_smry_2019","Recruit_0_2019"
1874,1,NA,NA,39211.2,0,41351.7,16511.5,50132,16671.7,53261.1,15482.5,54051.5,19645.9
1874,2,NA,NA,39125.1,13604.4,NA,NA,NA,NA,NA,NA,NA,NA
1875,1,NA,NA,39211.2,0,41351.7,16511.5,50132,16671.7,53261.1,15482.5,54051.5,19645.9
1875,2,NA,NA,39125.1,13604.4,NA,NA,NA,NA,NA,NA,NA,NA
1876,1,NA,NA,39211.2,0,41351.7,16511.5,50132.7,16672.6,53261.5,15483.1,54051.8,19646.3
1876,2,NA,NA,39125.1,13604.4,NA,NA,NA,NA,NA,NA,NA,NA
1877,1,NA,NA,39210.2,0,41350.7,16511.5,50131.8,16672.7,53260.6,15483.2,54050.8,19646.3
1877,2,NA,NA,39124.2,13604.4,NA,NA,NA,NA,NA,NA,NA,NA
1878,1,NA,NA,39209.3,0,41349.8,16511.5,50131,16672.9,53259.7,15483.2,54049.9,19646.3
1878,2,NA,NA,39123.3,13604.4,NA,NA,NA,NA,NA,NA,NA,NA
1879,1,NA,NA,39208.5,0,41349,16511.5,50130.3,16673,53258.9,15483.3,54049.1,19646.4
1879,2,NA,NA,39122.5,13604.4,NA,NA,NA,NA,NA,NA,NA,NA
1880,1,NA,NA,39207.7,0,41348.3,16511.5,50129.7,16673.2,53258.2,15483.4,54048.4,19646.5
1880,2,NA,NA,39121.7,13604.4,NA,NA,NA,NA,NA,NA,NA,NA
1881,1,NA,NA,39196.8,0,41337.7,16511.3,50119,16673.2,53247.3,15483.5,54037.2,19646.4
1881,2,NA,NA,39111.1,13604.3,NA,NA,NA,NA,NA,NA,NA,NA
1882,1,NA,NA,39176.4,0,41317.8,16510.9,50098.9,16673.2,53226.8,15483.4,54016.3,19646.1
1882,2,NA,NA,39091.2,13604.2,NA,NA,NA,NA,NA,NA,NA,NA
1883,1,NA,NA,39147.3,0,41289.6,16510.4,50070.1,16673,53197.2,15483.4,53986.2,19645.7
1883,2,NA,NA,39062.7,13604.1,NA,NA,NA,NA,NA,NA,NA,NA
1884,1,NA,NA,39110.2,0,41253.9,16509.8,50033.3,16672.8,53159.4,15483.2,53947.7,19645.1
1884,2,NA,NA,39026.6,13603.9,NA,NA,NA,NA,NA,NA,NA,NA
1885,1,NA,NA,39065.8,0,41211.5,16509.1,49989.2,16672.4,53113.9,15483,53901.5,19644.4
1885,2,NA,NA,38983.5,13603.6,NA,NA,NA,NA,NA,NA,NA,NA
1886,1,NA,NA,39015,0,41163,16508.2,49938.5,16672,53061.5,15482.8,53848.4,19643.6
1886,2,NA,NA,38934.1,13603.4,NA,NA,NA,NA,NA,NA,NA,NA
1887,1,NA,NA,38958.3,0,41109.3,16507.2,49881.9,16671.6,53002.8,15482.6,53789,19642.7
1887,2,NA,NA,38879.2,13603.1,NA,NA,NA,NA,NA,NA,NA,NA
1888,1,NA,NA,38896.5,0,41050.9,16506.2,49820,16671.2,52938.5,15482.3,53724.1,19641.7
1888,2,NA,NA,38819.3,13602.7,NA,NA,NA,NA,NA,NA,NA,NA
1889,1,NA,NA,38830.2,0,40988.5,16505,49753.4,16670.7,52869.1,15482,53654.1,19640.7
1889,2,NA,NA,38755,13602.4,NA,NA,NA,NA,NA,NA,NA,NA
1890,1,NA,NA,38759.8,0,40922.4,16503.8,49682.5,16670.2,52795.3,15481.8,53579.6,19639.6
1890,2,NA,NA,38686.9,13602,NA,NA,NA,NA,NA,NA,NA,NA
1891,1,NA,NA,38685.9,0,40853.3,16502.5,49608,16669.8,52717.4,15481.5,53501.3,19638.4
1891,2,NA,NA,38615.3,13601.6,NA,NA,NA,NA,NA,NA,NA,NA
1892,1,NA,NA,38608.9,0,40781.3,16501.2,49530.1,16669.5,52635.9,15481.3,53419.4,19637.3
1892,2,NA,NA,38540.9,13601.1,NA,NA,NA,NA,NA,NA,NA,NA
1893,1,NA,NA,38529.1,0,40707,16499.8,49449.4,16669.1,52551.3,15481.1,53334.5,19636
1893,2,NA,NA,38463.8,13600.7,NA,NA,NA,NA,NA,NA,NA,NA
1894,1,NA,NA,38447,0,40630.5,16498.4,49366.1,16668.9,52463.9,15480.9,53246.9,19634.8
1894,2,NA,NA,38384.4,13600.2,NA,NA,NA,NA,NA,NA,NA,NA
1895,1,NA,NA,38362.8,0,40552.2,16496.9,49280.6,16668.8,52374.1,15480.9,53156.9,19633.6
1895,2,NA,NA,38303,13599.7,NA,NA,NA,NA,NA,NA,NA,NA
1896,1,NA,NA,38276.7,0,40472.2,16495.4,49193.2,16668.8,52282.1,15480.8,53064.8,19632.4
1896,2,NA,NA,38219.8,13599.3,NA,NA,NA,NA,NA,NA,NA,NA
1897,1,NA,NA,38189,0,40390.9,16493.8,49103.9,16668.8,52188.1,15480.9,52970.6,19631.3
1897,2,NA,NA,38135.2,13598.8,NA,NA,NA,NA,NA,NA,NA,NA
1898,1,NA,NA,38100,0,40308.3,16492.2,49013.2,16669.2,52092.4,15481.1,52874.8,19630.2
1898,2,NA,NA,38049.1,13598.2,NA,NA,NA,NA,NA,NA,NA,NA
1899,1,NA,NA,38009.7,0,40224.6,16490.6,48921.2,16669.6,51995.4,15481.3,52777.7,19629.1
1899,2,NA,NA,37961.9,13597.7,NA,NA,NA,NA,NA,NA,NA,NA
1900,1,NA,NA,37918.3,0,40139.9,16489,48828.3,16670.3,51897.1,15481.8,52679.4,19628.2
1900,2,NA,NA,37873.7,13597.2,NA,NA,NA,NA,NA,NA,NA,NA
1901,1,NA,NA,37825.9,0,40054.4,16487.3,48734.4,16671.2,51797.8,15482.4,52579.9,19627.3
1901,2,NA,NA,37784.5,13596.6,NA,NA,NA,NA,NA,NA,NA,NA
1902,1,NA,NA,37732.8,0,39968.2,16485.6,48639.8,16672.4,51697.5,15483.1,52479.6,19626.5
1902,2,NA,NA,37694.6,13596.1,NA,NA,NA,NA,NA,NA,NA,NA
1903,1,NA,NA,37638.8,0,39881.2,16483.9,48544.7,16673.9,51596.5,15484.1,52378.5,19625.9
1903,2,NA,NA,37603.9,13595.5,NA,NA,NA,NA,NA,NA,NA,NA
1904,1,NA,NA,37544.3,0,39793.7,16482.2,48449,16675.8,51494.9,15485.3,52276.6,19625.4
1904,2,NA,NA,37512.6,13595,NA,NA,NA,NA,NA,NA,NA,NA
1905,1,NA,NA,37449.1,0,39705.7,16480.4,48353,16678.2,51392.8,15486.8,52174.2,19625.1
1905,2,NA,NA,37420.7,13594.4,NA,NA,NA,NA,NA,NA,NA,NA
1906,1,NA,NA,37353.4,0,39617.2,16478.6,48256.8,16681.1,51290.2,15488.6,52071.3,19625
1906,2,NA,NA,37328.4,13593.8,NA,NA,NA,NA,NA,NA,NA,NA
1907,1,NA,NA,37257.3,0,39528.2,16476.8,48160.5,16684.7,51187.4,15490.7,51968,19625.2
1907,2,NA,NA,37235.5,13593.2,NA,NA,NA,NA,NA,NA,NA,NA
1908,1,25164.7,12174.1,37160.7,0,39438.9,16475,48064.1,16689,51084.3,15493.3,51864.3,19625.6
1908,2,NA,NA,37142.3,13592.6,NA,NA,NA,NA,NA,NA,NA,NA
1909,1,25164.7,12174.1,37063.8,0,39349.2,16473.2,47967.9,16694,50981.1,15496.2,51760.4,19626.3
1909,2,NA,NA,37048.8,13592,NA,NA,NA,NA,NA,NA,NA,NA
1910,1,25164.7,12174.1,36966.5,0,39259.3,16471.4,47871.9,16699.7,50878,15499.7,51656.4,19627.4
1910,2,23541.8,0,36954.9,13591.4,NA,NA,NA,NA,NA,NA,NA,NA
1911,1,25163.8,12174.1,36868,0,39168.1,16469.5,47776.3,16706.4,50774.9,15503.7,51552.2,19628.8
1911,2,23540.9,0,36859.7,13590.8,NA,NA,NA,NA,NA,NA,NA,NA
1912,1,25162.9,12174.1,36769.3,0,39076.8,16467.6,47681.2,16714.1,50672,15508.3,51448,19630.7
1912,2,23540.1,0,36764.4,13590.2,NA,NA,NA,NA,NA,NA,NA,NA
1913,1,25162.2,12174.1,36670.4,0,38985.2,16465.7,47586.7,16723.1,50569.4,15513.5,51343.8,19633.1
1913,2,23539.4,0,36668.9,13589.5,NA,NA,NA,NA,NA,NA,NA,NA
1914,1,25161.5,12174.1,36571.3,0,38893.6,16463.8,47493,16733.6,50467.2,15519.5,51239.8,19636
1914,2,23538.8,0,36573.3,13588.9,NA,NA,NA,NA,NA,NA,NA,NA
1915,1,25161,12174,36472.1,0,38801.8,16461.9,47400.2,16745.4,50365.5,15526.3,51135.9,19639.5
1915,2,23538.2,0,36477.5,13588.3,NA,NA,NA,NA,NA,NA,NA,NA
1916,1,25160.5,12174,36372.7,0,38709.9,16459.9,47308.6,16758.3,50264.4,15533.9,51032.4,19643.7
1916,2,23537.8,0,36381.5,13587.6,NA,NA,NA,NA,NA,NA,NA,NA
1917,1,25160,12174,36278,0,38622.6,16458.1,47223,16772.6,50168.8,15542.3,50934.1,19648.5
1917,2,23537.4,0,36290.2,13587,NA,NA,NA,NA,NA,NA,NA,NA
1918,1,25159.7,12174,36057.4,0,38411.9,16453.7,47014.2,16786.6,49947.5,15550.4,50707.2,19651.4
1918,2,23537,0,36075.4,13585.6,NA,NA,NA,NA,NA,NA,NA,NA
1919,1,25159.3,12174,35953.8,0,38317.1,16451.7,46923,16805.1,49844,15560.6,50599.8,19657.5
1919,2,23536.7,0,35975.8,13584.9,NA,NA,NA,NA,NA,NA,NA,NA
1920,1,25159.1,12174,35949.5,0,38319.8,16451.5,46932,16827.1,49841.7,15572.9,50595.3,19666.4
1920,2,23536.5,0,35973.4,13584.8,NA,NA,NA,NA,NA,NA,NA,NA
1921,1,25158.8,12174,36050.2,0,38424.1,16453.5,47047.6,16852.7,49947.6,15587.3,50700.5,19678.6
1921,2,23536.3,0,36073.6,13585.4,NA,NA,NA,NA,NA,NA,NA,NA
1922,1,25158.6,12174,36087.1,0,38463.4,16454.2,47102.9,16879.9,49992.5,15602.2,50742.9,19690.4
1922,2,23536.1,0,36110.2,13585.6,NA,NA,NA,NA,NA,NA,NA,NA
1923,1,25158.5,12174,35996,0,38375.6,16452.5,47034.7,16907.6,49911.8,15616.9,50656.1,19700.5
1923,2,23535.9,0,36021.1,13585,NA,NA,NA,NA,NA,NA,NA,NA
1924,1,25158.3,12174,35908.5,0,38291.5,16450.7,46973.5,16937.4,49836.8,15632.8,50573.9,19711.6
1924,2,23535.8,0,35935.7,13584.5,NA,NA,NA,NA,NA,NA,NA,NA
1925,1,25158.2,12174,35725.3,0,38114.2,16447.1,46821,16968.5,49667.4,15648.8,50394.5,19721.6
1925,2,23535.7,0,35756.8,13583.3,NA,NA,NA,NA,NA,NA,NA,NA
1926,1,25158.1,12174,35559.5,0,37955.5,16443.7,46689.3,17002.3,49516.7,15666.3,50233.2,19732.9
1926,2,23535.6,0,35595.5,13582.2,NA,NA,NA,NA,NA,NA,NA,NA
1927,1,25158,12174,35414,0,37818,16440.7,46581.3,17038.4,49387.5,15685,50093.3,19745.6
1927,2,23535.5,0,35454.4,13581.2,NA,NA,NA,NA,NA,NA,NA,NA
1928,1,25158,12174,35174.8,0,37589.7,16435.7,46384.3,17075.8,49165.6,15703.9,49858.2,19757.3
1928,2,23535.4,0,35221.7,13579.6,NA,NA,NA,NA,NA,NA,NA,NA
1929,1,25158.8,12174,34967.7,0,37393.6,16431.4,46222.2,17117.2,48976,15724.4,49655.4,19771
1929,2,23536.3,0,35020.9,13578.2,NA,NA,NA,NA,NA,NA,NA,NA
1930,1,25156.7,12173.9,34693.2,0,37133.8,16425.6,45999,17162.6,48721.5,15746.7,49385.9,19785.3
1930,2,23534.3,0,34754.2,13576.3,NA,NA,NA,NA,NA,NA,NA,NA
1931,1,25156.8,12173.9,34490,0,36945.5,16421.2,45849.2,17216.9,48538.1,15775.1,49188.4,19805.7
1931,2,23534.4,0,34496.3,13574.8,NA,NA,NA,NA,NA,NA,NA,NA
1932,1,25156.9,12173.9,34296.7,0,36767.8,16417,45709.6,17281.3,48362.7,15813.2,48999.1,19835.8
1932,2,23534.4,0,34335.1,13573.4,NA,NA,NA,NA,NA,NA,NA,NA
1933,1,25151.5,12173.8,34003.6,0,36499.7,16410.5,45473.9,17366.7,48087.9,15863.7,48707.6,19881.1
1933,2,23529.4,0,34046.9,13571.2,NA,NA,NA,NA,NA,NA,NA,NA
1934,1,25149.1,12173.8,33711.8,0,36240.1,16404,45244.7,17496.3,47817.4,15951.4,48418.7,19955.1
1934,2,23527.1,0,33665.1,13568.8,NA,NA,NA,NA,NA,NA,NA,NA
1935,1,25148.2,12173.8,32718.9,0,35295.4,16381.2,44319.2,17684.9,46835.4,16101,47403.2,20050.6
1935,2,23526.3,0,32679,13561.2,NA,NA,NA,NA,NA,NA,NA,NA
1936,1,25125.7,12173.3,31824.1,0,34456.5,16359.4,43497.1,17970.3,45949,16338.1,46483.4,20188
1936,2,23505.3,0,31867.6,13553.7,NA,NA,NA,NA,NA,NA,NA,NA
1937,1,25063.5,12171.9,31286.6,0,33980.5,16345.7,43044.1,18365,45429.5,16666.8,45936.1,20359.7
1937,2,23447.1,0,31369.1,13548.7,NA,NA,NA,NA,NA,NA,NA,NA
1938,1,24955.7,12169.6,30269.6,0,33045.2,16318.8,42130.2,18797.3,44437.4,17035.2,44901.5,20486.7
1938,2,23346.2,0,30402.2,13539.1,NA,NA,NA,NA,NA,NA,NA,NA
1939,1,24921.8,12168.8,29092,0,31965.9,19579.1,41088.3,19081.5,43306.7,17273.8,43713.8,20451.8
1939,2,23314.6,0,29269.4,21489.4,NA,NA,NA,NA,NA,NA,NA,NA
1940,1,24897.5,10651.9,27796.3,0,30781.5,18766.1,39736.4,18883.5,41853.3,17095.3,42176.4,20080.8
1940,2,23291.8,0,27880.6,18106.9,NA,NA,NA,NA,NA,NA,NA,NA
1941,1,24539,12184,26586.5,0,29685.8,17043.9,38674.8,18081.5,40683.6,16407.7,40899.6,19322.9
1941,2,22956.4,0,26758.6,14729,NA,NA,NA,NA,NA,NA,NA,NA
1942,1,24078.6,13631.1,25908.8,0,29060.8,15070.7,38038.4,17007.6,39936.8,15471.8,40015.8,18343.6
1942,2,22525.7,0,26264.6,12738.2,NA,NA,NA,NA,NA,NA,NA,NA
1943,1,22196.8,12347.2,24404,0,27565.2,13676.8,36687.5,16178.5,38473.9,14692.7,38354.9,17480.8
1943,2,20765.3,0,24841.4,12684.9,NA,NA,NA,NA,NA,NA,NA,NA
1944,1,20526.8,9847.68,23005,0,26081.4,13465.8,35342.6,15975.3,37016.3,14398.7,36661.7,17202.8
1944,2,19203,0,23504,14400.7,NA,NA,NA,NA,NA,NA,NA,NA
1945,1,20066.7,8918.25,22493.5,0,25386.4,14491,34711.1,16095.4,36282.6,14425.7,35690.3,17703.1
1945,2,18772.6,0,22980.7,15114.5,NA,NA,NA,NA,NA,NA,NA,NA
1946,1,19847.3,9652.03,22186.8,0,24822.2,15328.5,34206.9,15451.4,35689.1,13946.2,34857.9,18384.8
1946,2,18567.3,0,22670.4,14478.2,NA,NA,NA,NA,NA,NA,NA,NA
1947,1,18777,10104.1,20561.3,0,22901.5,14700.7,32447.5,13928.7,33827.9,12640.5,32732.6,18419.3
1947,2,17566,0,20948.1,13508.5,NA,NA,NA,NA,NA,NA,NA,NA
1948,1,18362.6,9027.44,19615.5,0,21635.1,13851.8,31318.4,12610.2,32591.7,11428.5,31296.9,18239.4
1948,2,17178.4,0,19888.3,12616.5,NA,NA,NA,NA,NA,NA,NA,NA
1949,1,17376.1,8586.23,17581.9,0,19335,13067.4,28871.5,11784.7,30018.9,10703.8,28605,18034.2
1949,2,16255.4,0,17544.6,11944.7,NA,NA,NA,NA,NA,NA,NA,NA
1950,1,16983.2,8478.8,15885,0,17406.7,12610.2,26483.8,11614,27494.6,10594.2,26137.7,17918
1950,2,15887.9,0,15993.4,11676,NA,NA,NA,NA,NA,NA,NA,NA
1951,1,15700,8430.61,13797.5,0,15158.1,12574.1,23841.8,12075.8,24717.9,11090.9,23602.4,17875.3
1951,2,14687.5,0,14149.2,11851.6,NA,NA,NA,NA,NA,NA,NA,NA
1952,1,15020,8685.26,13174.8,0,14405.1,12957.8,22654.4,12923,23425,11975.9,22776.8,18013.3
1952,2,14051.3,0,13402.8,11893,NA,NA,NA,NA,NA,NA,NA,NA
1953,1,14533.7,9292.1,12713.8,0,13838.6,13216.5,21646.6,13426.9,22326.6,12583.7,22299.1,17902.4
1953,2,13596.3,0,12801.9,12066.6,NA,NA,NA,NA,NA,NA,NA,NA
1954,1,14465.2,10634.6,12722.8,0,13737.9,13474.6,21005.7,13562,21604.1,12808.7,22282.3,17358.2
1954,2,13532.3,0,12548.5,12634,NA,NA,NA,NA,NA,NA,NA,NA
1955,1,14251.7,13213.2,12087.1,0,13023.8,13513.9,19890.3,13382.8,20406.6,12685.6,21774.6,16558.8
1955,2,13332.6,0,12135.6,12166.9,NA,NA,NA,NA,NA,NA,NA,NA
1956,1,13768,15398.3,11468.9,0,12375.4,12568.4,19155,13145.6,19607.1,12486.8,21613.6,15718.7
1956,2,12880.1,0,11454.7,10303.4,NA,NA,NA,NA,NA,NA,NA,NA
1957,1,13506.3,15163.8,11434.6,0,12329.6,10767.8,18786.6,13028.2,19196.5,12445.5,21750,14738.4
1957,2,12358.7,0,11370.8,9589.35,NA,NA,NA,NA,NA,NA,NA,NA
1958,1,12901,16047.5,10875,0,11792.1,10581.5,17895.3,12804.6,18269,12597.8,21212.7,14130.4
1958,2,11994.2,0,10891.7,10786,NA,NA,NA,NA,NA,NA,NA,NA
1959,1,13401.3,12062.3,10700.1,0,11661.2,12569.9,17122.2,12743.9,17469.5,12787.1,20644.8,14418.5
1959,2,12050.6,0,10520.5,13582.3,NA,NA,NA,NA,NA,NA,NA,NA
1960,1,13645.4,11044.6,10319.4,0,11327.5,17318.3,16801.4,17611.7,17152.8,16891.7,20405.2,17369.2
1960,2,12552.2,0,10219.3,17507.1,NA,NA,NA,NA,NA,NA,NA,NA
1961,1,13914.4,18675.3,9857.4,0,10868.1,14827.2,16134,18091.2,16519.6,16120.1,19664.7,21109
1961,2,12835.8,0,9729.24,9033.8,NA,NA,NA,NA,NA,NA,NA,NA
1962,1,13669.8,16867,8926.6,0,9927.25,8135.68,14966.2,11674.9,15401.6,10521.8,18304.7,13444.6
1962,2,12477.7,0,8784.81,8910.13,NA,NA,NA,NA,NA,NA,NA,NA
1963,1,13250.2,12118.6,8597.6,0,9631.03,11100.7,14277.8,11986.9,14747.6,11278.8,17256.4,12351.6
1963,2,12003.7,0,8490.48,11458.6,NA,NA,NA,NA,NA,NA,NA,NA
1964,1,13830.5,11878.2,8286.25,0,9454.99,12985,13805.1,17158.9,14211,15898.5,16515.6,19447.1
1964,2,12689.3,0,8435.38,9245.99,NA,NA,NA,NA,NA,NA,NA,NA
1965,1,14693,15460.5,8341.3,0,9501.12,12836.1,13667.4,16163.4,13995.6,14687.8,16085.6,14953.9
1965,2,13494.2,0,8430.7,30054.6,NA,NA,NA,NA,NA,NA,NA,NA
1966,1,15171,17556.2,8240.4,0,9366.84,33392.3,13608,33815.7,13870.2,30158.3,15671,32657.4
1966,2,14013.7,0,8395.77,13621.2,NA,NA,NA,NA,NA,NA,NA,NA
1967,1,15454.7,22231.8,8206.09,0,9397.17,10064.2,13738.8,14760.5,13920.9,12966.2,15530.1,14224.8
1967,2,14290,0,8152.48,17088.5,NA,NA,NA,NA,NA,NA,NA,NA
1968,1,15987.3,15729.1,8536.36,0,9387.27,14327.3,13869.9,14975.1,13938.9,13718.8,15231.6,15130.5
1968,2,14717.8,0,8745.92,12525.9,NA,NA,NA,NA,NA,NA,NA,NA
1969,1,16886.2,9701.15,9280.85,0,10462.3,13834.3,15396.4,13594.7,15245.7,12659.7,16230.6,16924.7
1969,2,15601.1,0,9633.39,12631.4,NA,NA,NA,NA,NA,NA,NA,NA
1970,1,18299.1,7797.36,10378.2,0,11493.8,13990.5,16454,13493.4,16079.6,13522.5,16697.4,19148.8
1970,2,16846,0,10593.2,14363.4,NA,NA,NA,NA,NA,NA,NA,NA
1971,1,19117.8,8284.55,10855.4,0,11885.2,13916.6,16801.9,13107.5,16207.1,13080,16381.2,16914.3
1971,2,17583,0,10969.5,9504.33,NA,NA,NA,NA,NA,NA,NA,NA
1972,1,19143.6,8604.08,11284.2,0,12170,8984.52,16788.4,10798.8,16027.7,10700.9,15923.8,13309.8
1972,2,17532.3,0,11131.4,7718.52,NA,NA,NA,NA,NA,NA,NA,NA
1973,1,18142.7,7519.94,11240.1,0,11974.6,8169.25,16279,8785.37,15450.2,9089.17,15247.7,11851.8
1973,2,16641.3,0,11334.5,10557.8,NA,NA,NA,NA,NA,NA,NA,NA
1974,1,16835.4,6719.58,11364.7,0,12015.5,10387.6,15947.4,10892,15123.9,11867,14915.8,14600.4
1974,2,15380.5,0,11127.1,8259.72,NA,NA,NA,NA,NA,NA,NA,NA
1975,1,14812.9,5908.72,10618.3,0,11147.3,10190.5,14536.9,11104,13727.9,11969.5,13470,14769.4
1975,2,13445.4,0,10347.1,13859.8,NA,NA,NA,NA,NA,NA,NA,NA
1976,1,12504.4,5756.22,9541.47,0,9885.54,14945.6,12928.4,14470.4,12168.5,15213.1,11891.7,19295.1
1976,2,11310.4,0,9082.2,16578.2,NA,NA,NA,NA,NA,NA,NA,NA
1977,1,11212.3,6820.19,8801.02,0,9002.45,14541.6,11856.3,13313.5,11214.1,14028.8,10884.8,20486.5
1977,2,10144.2,0,8539.73,8663.24,NA,NA,NA,NA,NA,NA,NA,NA
1978,1,10136.4,8338.22,8604.6,0,8589.19,9212.86,11261.3,9973.51,10790.2,10251.3,10435.8,16528
1978,2,8969.15,0,8363.9,8810.94,NA,NA,NA,NA,NA,NA,NA,NA
1979,1,8071.81,7726.56,8099.14,0,7893.36,11086.8,10235.4,10095.3,9920.84,10053.2,9569.35,12419.5
1979,2,7080.21,0,7941.41,16168.6,NA,NA,NA,NA,NA,NA,NA,NA
1980,1,6727.68,6494.38,7433.67,0,7176.58,11491.7,9227.04,11661.1,9020.69,11787.5,8787.99,12712.1
1980,2,5901.15,0,7431.09,10162,NA,NA,NA,NA,NA,NA,NA,NA
1981,1,6146.18,5757.84,7374.83,0,6980.51,9682.95,8614.93,9930.29,8474.89,10724.7,8392.01,10878.8
1981,2,5440.76,0,7239.5,10421.4,NA,NA,NA,NA,NA,NA,NA,NA
1982,1,6036.06,5457.91,7400.7,0,7085.14,9565.49,8059.53,8640.82,7933.1,9549.61,7869.17,10732.4
1982,2,5419.01,0,7530.21,8418.28,NA,NA,NA,NA,NA,NA,NA,NA
1983,1,5501.25,5112.44,7252.16,0,6776.7,11555.7,7522.89,10063,7452.71,11519.7,7368.48,12056.8
1983,2,4562.53,0,6933.43,15598.3,NA,NA,NA,NA,NA,NA,NA,NA
1984,1,4778.19,5377.59,6615.51,0,6058.63,17995.8,7111.38,14574,7048.39,17745.4,6978.91,17173
1984,2,4115.69,0,6491.66,12849.3,NA,NA,NA,NA,NA,NA,NA,NA
1985,1,4521.48,9640.6,6485.66,0,5875.11,9420.96,7075.33,9178.88,6995.55,11349.4,6998.47,10729.1
1985,2,3862.94,0,6321.92,7136.94,NA,NA,NA,NA,NA,NA,NA,NA
1986,1,4528.3,7391,6707.33,0,5961.32,5939.98,7103.25,5322.38,6985.67,6509.04,7057.77,7073.59
1986,2,3850.41,0,6434.92,6325.33,NA,NA,NA,NA,NA,NA,NA,NA
1987,1,4462.33,4044.92,6930.29,0,6303.9,7919.03,7139.42,6802.62,7073.56,8446.09,7181.81,8168.16
1987,2,3472.94,0,6437.18,9234.88,NA,NA,NA,NA,NA,NA,NA,NA
1988,1,4372.87,6091.11,6488.32,0,6009.68,10961.5,6676.18,10839.8,6556.55,13086.7,6713.9,12350.4
1988,2,3529.93,0,6029.7,12535.1,NA,NA,NA,NA,NA,NA,NA,NA
1989,1,4336.8,7947.54,6008.71,0,5611.95,11484.2,6094.17,14193.8,5919.36,16134.4,6169.17,16581.3
1989,2,3544.23,0,5480.93,13228.3,NA,NA,NA,NA,NA,NA,NA,NA
1990,1,4076.83,5524.25,5428.27,0,5061.49,13995,5430.78,13875,5238.45,15129.1,5539.57,15830.1
1990,2,3307.49,0,4971.54,15607.9,NA,NA,NA,NA,NA,NA,NA,NA
1991,1,4040.53,6408.64,5155.14,0,4796.14,9757.15,5182.99,10229.8,4998.69,10122.3,5328.52,9889.77
1991,2,3192.39,0,4447.81,6572.89,NA,NA,NA,NA,NA,NA,NA,NA
1992,1,4140.15,6310.3,4837.31,0,4475.05,7289.35,5062.33,5703.99,4830.22,5219.29,5281.35,6094.78
1992,2,3371.99,0,4491.07,8896.18,NA,NA,NA,NA,NA,NA,NA,NA
1993,1,4201.37,6294.69,5081.04,0,4690.76,11955.1,5467.06,10530.7,5072.4,9937.23,5720.38,11237.5
1993,2,3421.6,0,4808.26,17349.8,NA,NA,NA,NA,NA,NA,NA,NA
1994,1,4299.83,10682.3,5385.37,0,5005.94,12610.8,5944.9,13530.4,5503.68,12252.3,6186.67,14070.2
1994,2,3633.2,0,5262.56,9318.35,NA,NA,NA,NA,NA,NA,NA,NA
1995,1,4584.22,13041.4,5796.09,0,5325.03,12369.3,6289.52,8195.05,5826.68,7614.2,6522.91,8574.4
1995,2,3842.88,0,5575.33,10272.7,NA,NA,NA,NA,NA,NA,NA,NA
1996,1,4660.33,10831.9,6164.29,0,5551.16,9871.99,6592,9786.74,6132.91,9206.68,6820.27,10186.6
1996,2,3888.96,0,5822.24,9792.05,NA,NA,NA,NA,NA,NA,NA,NA
1997,1,5153.43,10965.7,6259.87,0,5605.77,11986.8,6807.81,9823.5,6332.83,8660.58,7032.82,10335.2
1997,2,4360.91,0,5839.76,19327.2,NA,NA,NA,NA,NA,NA,NA,NA
1998,1,6086.01,11501.5,6212.33,0,5615.05,26404.8,6697.5,21893.8,6221.82,20416.5,6916.23,24479
1998,2,5271.63,0,6079.51,19869.3,NA,NA,NA,NA,NA,NA,NA,NA
1999,1,6842.62,23397.6,6382.57,0,5864.47,14070.2,6894.57,13878.8,6411.18,13899.2,7075.27,15930.1
1999,2,6067.3,0,6217.57,11966.6,NA,NA,NA,NA,NA,NA,NA,NA
2000,1,7781.77,12239.1,6846.92,0,6263.15,13877.7,7188.87,10683.4,6673.97,9865.23,7332.3,11322.5
2000,2,6827.39,0,6537.54,10903.3,NA,NA,NA,NA,NA,NA,NA,NA
2001,1,8544.58,10226.7,7337.86,0,7103.26,9474.25,7935.18,8308.9,7384.06,8380.3,8148.94,10505.4
2001,2,7453.32,0,7137.08,8562.77,NA,NA,NA,NA,NA,NA,NA,NA
2002,1,10346.6,11522.4,7912.96,0,8024.04,11027.5,8584.03,9587.71,8063.53,9430.53,8908.58,11399.9
2002,2,9165.28,0,7764.48,8160.99,NA,NA,NA,NA,NA,NA,NA,NA
2003,1,11342.6,15545.8,8422.52,0,8959.62,9103.74,9083.4,8511.29,8568.07,7918.8,9450.87,9183.33
2003,2,10195.9,0,8433.43,7164.5,NA,NA,NA,NA,NA,NA,NA,NA
2004,1,11959.4,9661.21,9079.61,0,9844.18,10918,9649.65,9841.06,9178.97,9380.94,10140.3,12040.2
2004,2,10311.1,0,8699.85,11897.2,NA,NA,NA,NA,NA,NA,NA,NA
2005,1,12032.1,11400.9,9082.02,0,10070.6,10492.1,9661.68,9778.68,9265.56,10117.8,10289.2,13336.4
2005,2,0,0,8524.66,15771,NA,NA,NA,NA,NA,NA,NA,NA
2006,1,NA,NA,8132.42,0,9295.04,18697.9,8787.62,15447.6,8445.55,18473.4,9505.88,24140.8
2006,2,NA,NA,8024.44,12740.4,NA,NA,NA,NA,NA,NA,NA,NA
2007,1,NA,NA,7735.77,0,9053.06,27329.6,8524.79,22442.5,8236.19,22001.5,9401.97,29583.6
2007,2,NA,NA,6968.02,12048.8,NA,NA,NA,NA,NA,NA,NA,NA
2008,1,NA,NA,7240.23,0,8554.31,14021.1,8037.62,33213.5,7862.89,29150.8,9209.46,38840.1
2008,2,NA,NA,6507.59,12508.7,NA,NA,NA,NA,NA,NA,NA,NA
2009,1,NA,NA,7150.59,0,8618.72,12447.7,8092.11,16584.4,8242.62,12881.4,9938.7,15918.6
2009,2,NA,NA,6563,12348,NA,NA,NA,NA,NA,NA,NA,NA
2010,1,NA,NA,6776.15,0,9293.39,13449,8706.74,11349.4,9090.86,9733.18,11341.6,12268.9
2010,2,NA,NA,6234.28,12065.6,NA,NA,NA,NA,NA,NA,NA,NA
2011,1,NA,NA,6468.24,0,11549.6,14003.5,11717.2,11219.3,12163,9719.82,15232.5,14904.7
2011,2,NA,NA,7095.94,11909.1,NA,NA,NA,NA,NA,NA,NA,NA
2012,1,NA,NA,8646.17,0,13526.3,14556.5,14627.6,13824.3,15068.5,13972,18697.1,22302.5
2012,2,NA,NA,9187.02,12534.9,NA,NA,NA,NA,NA,NA,NA,NA
2013,1,NA,NA,10679.7,0,15150.4,14999.9,16953.1,14555,17402.3,13061.5,21406.3,13111.4
2013,2,NA,NA,11017.3,12853.7,NA,NA,NA,NA,NA,NA,NA,NA
2014,1,NA,NA,12358,0,15082.8,15105.8,17655.5,14928.3,18644.5,14451.6,22998,13152.7
2014,2,NA,NA,12476.8,13024.5,NA,NA,NA,NA,NA,NA,NA,NA
2015,1,NA,NA,13675.4,0,14783.9,15108.6,18042.9,15137.8,19355.1,14580.9,24208.3,12427
2015,2,NA,NA,13597.8,13124.8,NA,NA,NA,NA,NA,NA,NA,NA
2016,1,NA,NA,14677.6,0,14453,15063.6,18036.2,15194.1,19360,14606.9,24474.8,15953.6
2016,2,NA,NA,14444.4,13186.1,NA,NA,NA,NA,NA,NA,NA,NA
2017,1,NA,NA,15436.8,0,14196,15010.6,17802.7,15164.5,19182.5,14588.9,24525.2,15954.9
2017,2,NA,NA,15089.3,13224.5,NA,NA,NA,NA,NA,NA,NA,NA
2018,1,NA,NA,16021.5,0,14039.9,14970.2,17545.9,15110.2,18747.4,14540.9,23768.4,18354.9
2018,2,NA,NA,15592.1,13249.8,NA,NA,NA,NA,NA,NA,NA,NA
2019,1,NA,NA,16481.9,0,13965.8,14947.9,17367.2,15065,18458.5,14502.6,23136.7,18312.3
2019,2,NA,NA,15991.7,13268.1,NA,NA,NA,NA,NA,NA,NA,NA
2020,1,NA,NA,16849.6,0,13941.1,14939.6,17283.4,15039,18324.3,14481,22434.2,18229.9
2020,2,NA,NA,16312.1,13282.1,NA,NA,NA,NA,NA,NA,NA,NA
2021,1,NA,NA,NA,NA,13938.5,14939.1,17268.5,15029.8,18301,14474.2,21968.1,18137.2
2022,1,NA,NA,NA,NA,13941,14941.2,17288.4,15030.5,18336.5,14476.1,20589.9,17908.3
2023,1,NA,NA,NA,NA,NA,NA,17317.5,15035.2,18391.9,14481.7,19804.8,17741.2
2024,1,NA,NA,NA,NA,NA,NA,17342.8,15040.2,18445.7,14487.7,19437.6,17647.9
2025,1,NA,NA,NA,NA,NA,NA,NA,NA,18488.9,14492.6,19318.1,17614
2026,1,NA,NA,NA,NA,NA,NA,NA,NA,18520.7,14496.3,19321.4,17614.6
2027,1,NA,NA,NA,NA,NA,NA,NA,NA,NA,NA,19363.2,17628.3
2028,1,NA,NA,NA,NA,NA,NA,NA,NA,NA,NA,19404.3,17643
2029,1,NA,NA,NA,NA,NA,NA,NA,NA,NA,NA,19435.8,17654.3
2030,1,NA,NA,NA,NA,NA,NA,NA,NA,NA,NA,19456.4,17661.4
